<?xml version="1.0" encoding="UTF-8"?>
<project-private xmlns="http://www.netbeans.org/ns/project-private/1">
    <editor-bookmarks xmlns="http://www.netbeans.org/ns/editor-bookmarks/2" lastBookmarkId="0"/>
    <open-files xmlns="http://www.netbeans.org/ns/projectui-open-files/2">
        <group>
            <file>file:/Users/tim/NetBeansProjects/CSYE6200HW5/src/edu/neu/csye6200/cacrystal/CATest.java</file>
            <file>file:/Users/tim/NetBeansProjects/CSYE6200HW5/src/edu/neu/csye6200/cacrystal/CAUIMark.java</file>
        </group>
    </open-files>
</project-private>
